{
  "id": "conventum",
  "title": "Aquelarre-Conventum",
  "description": "Demonic and medieval game",  
  "version": "1.0.0",
  "compatibility": {
    "minimum": 10,
    "verified": 11,
    "maximum": 11
  },
  "authors": [{
    "name": "CuervoForjador",
    "url": "https://twitter.com/cuervoforjador",
    "email": "cuervoForjador@gmail.com",
    "discord": "Cuervito#4806"
  }],
  "esmodules": ["module/main.js"],
  "socket": true,
  "styles": [
    "styles/main.css",
	  "styles/base.css",
    "styles/frame.css",
    "styles/sheet.css",
    "styles/compendium.css",
    "styles/roll.css",
    "styles/messages.css",
    "styles/tours.css"
  ],
  "languages": [
    {
      "lang": "en",
      "name": "English",
      "path": "lang/en.json",
      "title": "Conven-Conventum",
      "description": "Demonic and medieval game"
    },
    {
      "lang": "es",
      "name": "Spanish",
      "path": "lang/es.json",
      "title": "Aquelarre-Conventum",
      "description": "Juego de rol Demoniaco medieval"      
    }    
  ],
  "packs": [
    {
			"label": "Orbis",
			"type": "Item",
			"name": "worlds",
			"path": "./packs/worlds.db",
      "banner": "systems/conventum/image/content/compendium/bannerOrbis.png",
			"system": "conventum"
		},
    {
			"label": "Regna",
			"type": "Item",
			"name": "kingdoms",
			"path": "./packs/kingdoms.db",
      "banner": "systems/conventum/image/content/compendium/bannerRegna.png",
      "system": "conventum"
		},
    {
			"label": "Societas",
			"type": "Item",
			"name": "societies",
			"path": "./packs/societies.db",
      "banner": "systems/conventum/image/content/compendium/bannerSocietas.png",
      "system": "conventum"
		},
    {
			"label": "Linguae",
			"type": "Item",
			"name": "languages",
			"path": "./packs/languages.db",
      "banner": "systems/conventum/image/content/compendium/bannerLinguae.png",
      "system": "conventum"
		},
    {
			"label": "Gentes",
			"type": "Item",
			"name": "cultures",
			"path": "./packs/cultures.db",
      "banner": "systems/conventum/image/content/compendium/bannerGentes.png",
      "system": "conventum"
		},
    {
			"label": "Stratum",
			"type": "Item",
			"name": "stratums",
			"path": "./packs/stratums.db",
      "banner": "systems/conventum/image/content/compendium/bannerStratum.png",
      "system": "conventum"
		},
    {
			"label": "Status",
			"type": "Item",
			"name": "status",
			"path": "./packs/status.db",
      "banner": "systems/conventum/image/content/compendium/bannerStatus.png",
      "system": "conventum"
		},
    {
			"label": "Competentiae",
			"type": "Item",
			"name": "skills",
			"path": "./packs/skills.db",
      "banner": "systems/conventum/image/content/compendium/bannerCompetentiae.png",
      "system": "conventum"
		},
    {
			"label": "Locis",
			"type": "Item",
			"name": "locations",
			"path": "./packs/locations.db",
      "banner": "systems/conventum/image/content/compendium/bannerLocis.png",
      "system": "conventum"
		},
    {
			"label": "Armis",
			"type": "Item",
			"name": "armor",
			"path": "./packs/armor.db",
      "banner": "systems/conventum/image/content/compendium/bannerArmis.png",
      "system": "conventum"
		}              
  ],
  "url": "https://github.com/cuervoforjador/conventum",
  "manifest": "https://github.com/cuervoforjador/conventum/releases/download/v01/system.json",
  "download": "https://github.com/cuervoforjador/conventum/releases/download/v01/system.zip",
  "license": "LICENSE.txt"
}