{
  "id": "conventum",
  "title": "Aquelarre-Conventum",
  "description": "Demonic and medieval game",  
  "version": "1.0.0",
  "compatibility": {
    "minimum": 10,
    "verified": 11,
    "maximum": 11
  },
  "authors": [{
    "name": "CuervoForjador",
    "url": "https://twitter.com/cuervoforjador",
    "email": "cuervoForjador@gmail.com",
    "discord": "Cuervito#4806"
  }],
  "esmodules": ["module/main.js"],
  "socket": true,
  "styles": [
    "styles/main.css",
	  "styles/base.css",
    "styles/frame.css",
    "styles/sheet.css",
    "styles/compendium.css"
  ],
  "languages": [
    {
      "lang": "en",
      "name": "English",
      "path": "lang/en.json",
      "title": "Conven-Conventum",
      "description": "Demonic and medieval game"
    },
    {
      "lang": "es",
      "name": "Spanish",
      "path": "lang/es.json",
      "title": "Aquelarre-Conventum",
      "description": "Juego de rol Demoniaco medieval"      
    }    
  ],
  "packs": [
    {
			"label": "Orbis",
			"type": "Item",
			"name": "worlds",
			"path": "./packs/worlds.db",
      "banner": "systems/conventum/image/content/compendum/bannerWorlds.png",
			"system": "conventum"
		},
    {
			"label": "Regna",
			"type": "Item",
			"name": "kingdoms",
			"path": "./packs/kingdoms.db",
      "banner": "systems/conventum/image/content/compendum/bannerKingdoms.png",
      "system": "conventum"
		}     
  ],
  "url": "https://github.com/cuervoforjador/conventum",
  "manifest": "https://github.com/cuervoforjador/conventum/releases/download/v01/system.json",
  "download": "https://github.com/cuervoforjador/conventum/releases/download/v01/system.zip",
  "license": "LICENSE.txt"
}